year,days,total_mm,mean_mm_day,max_mm_day,heavy_days,very_heavy_days,max_anomaly_z
2005,365,2964.770506,8.122659,45.139767,3,0,4.364225
2006,365,2420.178556,6.630626,55.714829,7,0,4.314288
2007,365,2963.664924,8.119630,62.495659,10,0,4.362767
2008,366,2403.601850,6.567218,78.821213,1,0,4.353106
2009,366,2389.417852,6.528464,49.922111,3,0,4.294416
2010,365,2585.441639,7.083402,66.405815,3,0,4.164459
2011,365,2571.152738,7.044254,71.271164,6,0,4.346415
2012,366,2600.533519,7.105283,54.808372,5,0,4.302624
2013,366,2619.233409,7.156375,50.355297,1,0,4.356897
2014,365,2146.208296,5.880023,49.372059,5,0,4.350598
2015,365,3027.614955,8.294835,73.092110,10,0,4.214267
2016,366,2453.269569,6.702922,72.856804,4,0,4.308328
2017,366,3082.321890,8.421645,66.036713,10,0,4.341517
2018,365,2420.672692,6.631980,83.770378,5,0,4.324666
2019,365,2687.102237,7.361924,49.119553,3,0,4.343875
2020,366,2965.182926,8.101593,62.391163,4,0,4.361066
2021,366,2874.703451,7.854381,63.286957,3,0,4.347816
2022,365,2356.282715,6.455569,70.762276,5,0,4.362258
2023,365,2349.751083,6.437674,66.554108,2,0,4.315382
2024,366,2875.695347,7.857091,76.275597,13,0,4.358689
2025,366,2405.847716,6.573354,89.555038,2,1,4.115348
2026,267,1845.511878,6.912030,40.326668,0,0,7.274345
